time,latitude,longitude,depth,mag,magType,nst,gap,dmin,rms,net,id,updated,place,type,horizontalError,depthError,magError,magNst,status,locationSource,magSource
1997-12-12T18:47:28.820Z,-30.946,-71.536,62.4,4.6,md,,,,1.36,us,usp0008chk,2014-11-07T01:04:07.033Z,"Coquimbo, Chile",earthquake,,,,,reviewed,us,san
1997-12-10T15:45:48.370Z,-30.99,-71.527,40,4.5,md,,,,0.76,us,usp0008cdt,2014-11-07T01:04:06.625Z,"Coquimbo, Chile",earthquake,,,,,reviewed,us,san
1997-12-09T21:04:07.010Z,-31.256,-71.672,10,4.6,md,,,,0.31,us,usp0008cbv,2014-11-07T01:04:06.465Z,"offshore Coquimbo, Chile",earthquake,,,,,reviewed,us,san
1997-12-06T01:21:55.190Z,-30.572,-71.49,33,4.9,mb,,,,1.4,us,usp0008bzp,2014-11-07T01:04:04.841Z,"Coquimbo, Chile",earthquake,,,,2,reviewed,us,us
1997-12-04T20:59:26.340Z,-31.187,-71.327,85.3,4.5,mb,,,,1.19,us,usp0008bru,2014-11-07T01:04:02.849Z,"Coquimbo, Chile",earthquake,,11.2,,1,reviewed,us,us
1997-11-29T01:41:22.030Z,-31.051,-71.361,61.1,4.6,mb,,,,1.19,us,usp0008bg6,2014-11-07T01:03:58.197Z,"Coquimbo, Chile",earthquake,,,,6,reviewed,us,us
1997-11-25T12:13:38.240Z,-30.569,-71.407,33,4.5,mb,,,,0.74,us,usp0008bah,2014-11-07T01:03:57.253Z,"Coquimbo, Chile",earthquake,,,,1,reviewed,us,us
1997-11-22T10:18:36.310Z,-30.649,-71.722,10,4.5,md,,,,1.07,us,usp0008b4d,2014-11-07T01:03:56.621Z,"offshore Coquimbo, Chile",earthquake,,,,,reviewed,us,san
1997-11-20T03:33:42.050Z,-30.71,-71.759,33,4.6,md,,,,0.8,us,usp0008b0g,2014-11-07T01:03:56.173Z,"offshore Coquimbo, Chile",earthquake,,,,,reviewed,us,san
1997-11-10T14:13:05.620Z,-30.972,-71.258,63.2,4.9,mb,,,,1.01,us,usp0008ae1,2014-11-07T01:03:53.231Z,"Coquimbo, Chile",earthquake,,,,7,reviewed,us,us
1997-11-09T20:23:40.540Z,-30.024,-71.873,28.3,5.3,mwc,,,,0.92,us,usp0008acg,2016-11-09T23:55:49.389Z,"offshore Coquimbo, Chile",earthquake,,,,,reviewed,us,hrv
1997-11-08T11:12:20.750Z,-31.684,-71.964,40,4.5,md,,,,1.19,us,usp0008a9h,2014-11-07T01:03:52.703Z,"offshore Coquimbo, Chile",earthquake,,,,,reviewed,us,san
1997-11-04T18:59:14.170Z,-30.75,-71.467,51.7,4.7,mb,,,,1.14,us,usp0008a33,2014-11-07T01:03:51.689Z,"Coquimbo, Chile",earthquake,,,,6,reviewed,us,us
1997-11-04T05:18:46.090Z,-30.777,-71.648,50,4.6,md,,,,1.15,us,usp0008a28,2014-11-07T01:03:51.538Z,"Coquimbo, Chile",earthquake,,,,,reviewed,us,san
1997-11-03T21:05:33.070Z,-30.75,-71.37,46.3,4.5,mb,,,,1.11,us,usp0008a1h,2014-11-07T01:03:51.346Z,"Coquimbo, Chile",earthquake,,,,4,reviewed,us,us
1997-11-03T20:12:52.040Z,-30.772,-71.335,44.9,5.6,mb,,,,0.94,us,usp0008a1g,2015-05-13T18:53:39.000Z,"Coquimbo, Chile",earthquake,,,,49,reviewed,us,us
1997-11-03T19:17:33.810Z,-30.744,-71.224,45,6.2,mwb,,,,0.95,us,usp0008a1c,2017-04-26T17:54:06.414Z,"Coquimbo, Chile",earthquake,,,,,reviewed,us,us
1997-11-02T04:25:00.480Z,-30.809,-71.28,54.9,4.6,mb,,,,1.04,us,usp00089wx,2014-11-07T01:03:50.010Z,"Coquimbo, Chile",earthquake,,,,6,reviewed,us,us
1997-11-01T05:26:54.730Z,-31.152,-68.902,123.3,4.6,mb,,,,0.96,us,usp00089uz,2014-11-07T01:03:49.190Z,"San Juan, Argentina",earthquake,,5.7,,1,reviewed,us,us
1997-10-30T07:05:20.590Z,-30.832,-71.329,50,4.7,mb,,,,1.22,us,usp00089st,2014-11-07T01:03:47.000Z,"Coquimbo, Chile",earthquake,,,,11,reviewed,us,us
1997-10-24T20:23:43.520Z,-30.067,-71.575,33,4.7,mb,,,,0.85,us,usp00089jk,2014-11-07T01:03:45.408Z,"offshore Coquimbo, Chile",earthquake,,,,9,reviewed,us,us
1997-10-22T06:26:47.300Z,-31.844,-71.621,50,4.6,mb,,,,1.45,us,usp00089eh,2014-11-07T01:03:44.865Z,"offshore Coquimbo, Chile",earthquake,,,,1,reviewed,us,us
1997-10-22T04:32:24.190Z,-30.877,-71.446,50.8,4.7,mb,,,,1.04,us,usp00089eb,2014-11-07T01:03:44.840Z,"Coquimbo, Chile",earthquake,,,,3,reviewed,us,us
1997-10-21T14:29:16.530Z,-30.964,-71.268,68.3,4.6,mb,,,,0.9,us,usp00089dr,2014-11-07T01:03:44.708Z,"Coquimbo, Chile",earthquake,,,,9,reviewed,us,us
1997-10-20T11:04:16.710Z,-30.769,-71.325,52.1,4.6,mb,,,,1.27,us,usp00089cd,2014-11-07T01:03:44.567Z,"Coquimbo, Chile",earthquake,,,,2,reviewed,us,us
1997-10-20T03:31:08.550Z,-30.712,-71.349,45.2,5,mb,,,,1.11,us,usp00089bq,2014-11-07T01:03:44.448Z,"Coquimbo, Chile",earthquake,,,,21,reviewed,us,us
1997-10-18T10:58:44.580Z,-31.005,-70.991,100,4.6,mb,,,,1.07,us,usp000898v,2014-11-07T01:03:42.931Z,"Coquimbo, Chile",earthquake,,,,13,reviewed,us,us
1997-10-17T21:43:07.260Z,-30.786,-71.339,48.3,4.9,mb,,,,1.02,us,usp0008980,2014-11-07T01:03:42.826Z,"Coquimbo, Chile",earthquake,,,,11,reviewed,us,us
1997-10-17T20:01:54.300Z,-30.848,-70.989,100,5,mb,,,,1.11,us,usp000897z,2014-11-07T01:03:42.821Z,"Coquimbo, Chile",earthquake,,,,16,reviewed,us,us
1997-10-17T16:35:31.640Z,-30.94,-71.5,59.5,4.7,mb,,,,0.99,us,usp000897q,2014-11-07T01:03:42.792Z,"Coquimbo, Chile",earthquake,,,,11,reviewed,us,us
1997-10-16T15:58:14.340Z,-30.46,-71.664,33,4.5,md,,,,0.43,us,usp0008969,2014-11-07T01:03:42.605Z,"Coquimbo, Chile",earthquake,,,,,reviewed,us,san
1997-10-16T02:53:31.060Z,-30.973,-71.319,47.8,4.8,mb,,,,0.51,us,usp000895h,2014-11-07T01:03:42.501Z,"Coquimbo, Chile",earthquake,,,,1,reviewed,us,us
1997-10-16T00:45:37.220Z,-30.993,-71.129,63.7,5.4,mb,,,,0.95,us,usp000895b,2014-11-07T01:03:42.467Z,"Coquimbo, Chile",earthquake,,,,24,reviewed,us,us
1997-10-15T17:26:02.280Z,-30.755,-71.645,50,4.5,mb,,,,0.86,us,usp000894j,2014-11-07T01:03:42.337Z,"Coquimbo, Chile",earthquake,,,,2,reviewed,us,us
1997-10-15T14:50:33.620Z,-31.053,-71.269,60.6,4.5,mb,,,,1.02,us,usp0008949,2014-11-07T01:03:42.310Z,"Coquimbo, Chile",earthquake,,,,7,reviewed,us,us
1997-10-15T12:11:06.270Z,-30.66,-71.846,50,4.5,md,,,,0.29,us,usp000893y,2014-11-07T01:03:42.278Z,"offshore Coquimbo, Chile",earthquake,,,,,reviewed,us,san
1997-10-15T09:39:35.510Z,-30.953,-71.303,69.9,4.8,mb,,,,0.85,us,usp000893j,2014-11-07T01:03:42.244Z,"Coquimbo, Chile",earthquake,,,,4,reviewed,us,us
1997-10-15T06:43:53.100Z,-30.647,-71.914,50,4.5,md,,,,0.23,us,usp000893a,2014-11-07T01:03:42.230Z,"offshore Coquimbo, Chile",earthquake,,,,,reviewed,us,san
1997-10-15T04:28:47.080Z,-30.809,-71.251,47.9,5.5,mb,,,,0.93,us,usp0008931,2014-11-07T01:03:42.190Z,"Coquimbo, Chile",earthquake,,,,44,reviewed,us,us
1997-10-15T02:07:57.750Z,-30.714,-71.18,49.6,4.7,mb,,,,0.88,us,usp000892k,2014-11-07T01:03:42.067Z,"Coquimbo, Chile",earthquake,,,,4,reviewed,us,us
1997-10-15T01:38:13.980Z,-30.725,-71.245,44.6,5.1,mb,,,,1.15,us,usp000892f,2014-11-07T01:03:42.057Z,"Coquimbo, Chile",earthquake,,,,1,reviewed,us,us
1997-10-15T01:18:40.900Z,-30.778,-71.21,48.8,5,mb,,,,1,us,usp000892d,2014-11-07T01:03:42.051Z,"Coquimbo, Chile",earthquake,,,,6,reviewed,us,us
1997-10-15T01:03:33.460Z,-30.933,-71.22,58,7.1,mwc,,,,1.05,us,usp000892b,2017-04-26T17:54:04.068Z,"Coquimbo, Chile",earthquake,,,,,reviewed,us,hrv
1997-10-11T06:08:21.950Z,-29.64,-72.116,15,4.5,mb,,,,0.93,us,usp00088vd,2014-11-07T01:03:41.036Z,"offshore Coquimbo, Chile",earthquake,,,,3,reviewed,us,us
1997-09-24T22:06:56.460Z,-31.738,-71.545,53.7,4.9,mb,,,,0.97,us,usp00087z7,2014-11-07T01:03:31.026Z,"offshore Coquimbo, Chile",earthquake,,6.9,,7,reviewed,us,us
1997-09-20T12:26:32.010Z,-30.551,-72.042,38.5,4.7,md,,,,1.04,us,usp00087rz,2014-11-07T01:03:30.115Z,"offshore Coquimbo, Chile",earthquake,,,,,reviewed,us,san
1997-09-02T10:53:48.010Z,-31.779,-71.02,72.1,4.6,mb,,,,0.9,us,usp000871h,2014-11-07T01:03:25.187Z,"Coquimbo, Chile",earthquake,,,,14,reviewed,us,us
1997-09-02T02:41:39.090Z,-29.259,-71.295,62.9,4.8,mb,,,,1.15,us,usp0008719,2014-11-07T01:03:25.096Z,"Coquimbo, Chile",earthquake,,,,5,reviewed,us,us
1997-08-20T22:28:54.100Z,-29.529,-70.322,92.5,4.7,mb,,,,0.86,us,usp00086he,2014-11-07T01:03:19.762Z,"Atacama, Chile",earthquake,,,,4,reviewed,us,us
1997-08-18T12:24:26.200Z,-29.931,-72.006,33,5.7,mwc,,,,1.14,us,usp00086de,2016-11-09T23:16:42.975Z,"offshore Coquimbo, Chile",earthquake,,,,,reviewed,us,hrv
1997-08-09T16:40:49.540Z,-30.527,-71.844,25.7,4.7,mb,,,,1.05,us,usp0008600,2014-11-07T01:03:17.192Z,"offshore Coquimbo, Chile",earthquake,,,,9,reviewed,us,us
1997-08-06T22:50:12.180Z,-30.674,-71.89,33,5.6,mwc,,,,1.06,us,usp00085w5,2016-11-09T23:10:38.354Z,"offshore Coquimbo, Chile",earthquake,,,,,reviewed,us,hrv
1997-08-06T21:34:35.540Z,-30.487,-71.903,33,4.7,mb,,,,1.02,us,usp00085w3,2014-11-07T01:03:16.564Z,"offshore Coquimbo, Chile",earthquake,,,,12,reviewed,us,us
1997-08-06T08:46:45.400Z,-30.691,-72.005,33,4.5,mb,,,,1.13,us,usp00085vf,2014-11-07T01:03:16.407Z,"offshore Coquimbo, Chile",earthquake,,,,2,reviewed,us,us
1997-07-29T00:31:20.760Z,-30.613,-72.134,33,5.2,mwc,,,,0.97,us,usp00085gm,2016-11-09T23:06:09.332Z,"offshore Coquimbo, Chile",earthquake,,,,,reviewed,us,hrv
1997-07-27T14:31:15.390Z,-30.345,-71.801,77.7,4.5,mb,,,,1.29,us,usp00085ec,2014-11-07T01:03:11.424Z,"offshore Coquimbo, Chile",earthquake,,15.7,,1,reviewed,us,us
1997-07-27T06:35:07.340Z,-30.558,-72.021,33,4.9,mb,,,,1.11,us,usp00085dx,2014-11-07T01:03:11.347Z,"offshore Coquimbo, Chile",earthquake,,,,21,reviewed,us,us
1997-07-27T05:21:29.270Z,-30.517,-71.862,33,6.3,mwc,,,,1.24,us,usp00085dt,2017-04-26T17:53:50.219Z,"offshore Coquimbo, Chile",earthquake,,,,,reviewed,us,hrv
1997-07-26T11:11:57.400Z,-30.638,-72.021,33,4.8,mb,,,,1.1,us,usp00085cn,2014-11-07T01:03:11.130Z,"offshore Coquimbo, Chile",earthquake,,,,19,reviewed,us,us
1997-07-25T13:15:13.080Z,-30.335,-71.897,33,4.7,mb,,,,1.14,us,usp00085b9,2014-11-07T01:03:11.009Z,"offshore Coquimbo, Chile",earthquake,,,,17,reviewed,us,us
1997-07-25T07:34:30.760Z,-30.494,-71.95,33,5.5,ms,,,,1.33,us,usp00085au,2015-05-13T18:53:39.000Z,"offshore Coquimbo, Chile",earthquake,,,,44,reviewed,us,us
1997-07-25T07:33:29.010Z,-30.554,-72.016,33,6.1,mwc,,,,1.31,us,usp00085at,2016-11-10T00:41:11.996Z,"offshore Coquimbo, Chile",earthquake,,,,,reviewed,us,hrv
1997-07-25T07:16:10.080Z,-30.525,-72.05,33,4.6,mb,,,,1.07,us,usp00085ap,2014-11-07T01:03:10.954Z,"offshore Coquimbo, Chile",earthquake,,,,7,reviewed,us,us
1997-07-25T06:47:02.670Z,-30.462,-71.906,33,6.2,mwb,,,,1.17,us,usp00085ak,2016-11-10T00:41:11.527Z,"offshore Coquimbo, Chile",earthquake,,,,,reviewed,us,us
1997-07-25T00:51:45.070Z,-30.637,-72.185,33,4.8,mb,,,,1.17,us,usp00085a7,2014-11-07T01:03:10.821Z,"offshore Coquimbo, Chile",earthquake,,,,2,reviewed,us,us
1997-07-24T19:54:39.630Z,-30.578,-72.021,33,5.7,mwc,,,,1.05,us,usp000859s,2016-11-09T23:03:59.669Z,"offshore Coquimbo, Chile",earthquake,,,,,reviewed,us,hrv
1997-07-24T06:27:44.100Z,-30.542,-72.034,33,4.6,md,,,,1.15,us,usp0008593,2014-11-07T01:03:10.347Z,"offshore Coquimbo, Chile",earthquake,,,,,reviewed,us,san
1997-07-23T22:23:28.100Z,-30.532,-72.008,33,4.8,mb,,,,1.23,us,usp000858n,2014-11-07T01:03:10.306Z,"offshore Coquimbo, Chile",earthquake,,,,3,reviewed,us,us
1997-07-23T22:14:15.470Z,-30.582,-71.937,33,4.8,mb,,,,1.17,us,usp000858k,2014-11-07T01:03:10.302Z,"offshore Coquimbo, Chile",earthquake,,,,7,reviewed,us,us
1997-07-22T13:45:00.120Z,-31.743,-71.408,63.2,4.5,mb,,,,0.94,us,usp000856b,2014-11-07T01:03:09.981Z,"Coquimbo, Chile",earthquake,,,,14,reviewed,us,us
1997-07-22T04:25:38.930Z,-30.172,-71.896,33,4.5,mb,,,,1.19,us,usp000855m,2014-11-07T01:03:09.889Z,"offshore Coquimbo, Chile",earthquake,,,,4,reviewed,us,us
1997-07-22T02:09:31.770Z,-30.358,-71.827,33,5.4,mwc,,,,0.92,us,usp000855f,2016-11-09T23:02:45.712Z,"offshore Coquimbo, Chile",earthquake,,,,,reviewed,us,hrv
1997-07-21T23:19:39.350Z,-30.328,-71.917,33,6,mwb,,,,1.1,us,usp000855a,2016-11-09T23:02:22.430Z,"offshore Coquimbo, Chile",earthquake,,,,,reviewed,us,us
1997-07-21T17:54:17.110Z,-29.974,-71.781,33,5.5,mwc,,,,1.05,us,usp0008553,2016-11-09T23:02:21.932Z,"offshore Coquimbo, Chile",earthquake,,,,,reviewed,us,hrv
1997-07-19T12:22:57.310Z,-29.281,-71.684,26.4,5.9,mwc,,,,0.9,us,usp000851m,2016-11-09T23:01:33.548Z,"offshore Coquimbo, Chile",earthquake,,,,,reviewed,us,hrv
1997-07-10T13:06:26.200Z,-29.91,-71.835,33,4.5,mb,,,,0.9,us,usp00084ne,2014-11-07T01:03:07.195Z,"offshore Coquimbo, Chile",earthquake,,,,10,reviewed,us,us
1997-07-08T01:15:01.090Z,-30.258,-72.011,33,4.5,mb,,,,0.97,us,usp00084hm,2014-11-07T01:03:06.625Z,"offshore Coquimbo, Chile",earthquake,,,,12,reviewed,us,us
1997-07-07T19:30:36.770Z,-29.985,-72.192,33,4.5,mb,,,,1.12,us,usp00084h7,2014-11-07T01:03:06.537Z,"offshore Coquimbo, Chile",earthquake,,,,6,reviewed,us,us
1997-07-07T12:31:15.340Z,-30.292,-72.072,26.8,4.5,mb,,,,0.95,us,usp00084gy,2014-11-07T01:03:06.486Z,"offshore Coquimbo, Chile",earthquake,,,,7,reviewed,us,us
1997-07-06T23:15:20.490Z,-30.164,-71.863,33,5.8,mwc,,,,1,us,usp00084fx,2016-11-09T22:55:45.260Z,"offshore Coquimbo, Chile",earthquake,,,,,reviewed,us,hrv
1997-07-06T18:47:33.510Z,-30.282,-71.789,33,4.5,mb,,,,1.05,us,usp00084fm,2014-11-07T01:03:06.088Z,"offshore Coquimbo, Chile",earthquake,,,,6,reviewed,us,us
1997-07-06T11:05:59.930Z,-29.92,-71.819,33,4.5,mb,,,,1,us,usp00084f6,2014-11-07T01:03:06.012Z,"offshore Coquimbo, Chile",earthquake,,,,7,reviewed,us,us
1997-07-06T10:24:26.500Z,-30.085,-72.053,26.9,4.6,mb,,,,0.9,us,usp00084f2,2014-11-07T01:03:05.980Z,"offshore Coquimbo, Chile",earthquake,,,,2,reviewed,us,us
1997-07-06T10:16:05.030Z,-30.055,-71.873,33,4.8,mb,,,,0.78,us,usp00084f0,2014-11-07T01:03:05.969Z,"offshore Coquimbo, Chile",earthquake,,,,7,reviewed,us,us
1997-07-06T09:54:00.760Z,-30.058,-71.872,19,6.8,mwc,,,,1.19,us,usp00084ez,2017-04-26T17:53:44.971Z,"offshore Coquimbo, Chile",earthquake,,,,,reviewed,us,hrv
1997-06-09T14:45:28.590Z,-31.889,-71.634,61.6,5.2,mwc,,,,0.82,us,usp00083b0,2016-11-09T22:43:12.823Z,"offshore Coquimbo, Chile",earthquake,,,,,reviewed,us,hrv
1997-03-29T16:26:00.130Z,-31.201,-68.706,115.4,4.6,mb,,,,0.93,us,usp0007zpf,2014-11-07T01:02:24.233Z,"San Juan, Argentina",earthquake,,,,12,reviewed,us,us
1997-03-12T12:08:14.830Z,-29.758,-71.294,60,4.5,mb,,,,0.69,us,usp0007yq6,2014-11-07T01:02:19.366Z,"Coquimbo, Chile",earthquake,,,,3,reviewed,us,us
1997-03-10T03:53:00.330Z,-29.681,-71.144,33,5.6,mwc,,,,0.97,us,usp0007ykz,2016-11-09T22:03:05.758Z,"Coquimbo, Chile",earthquake,,,,,reviewed,us,hrv
1997-03-09T11:43:43.260Z,-29.815,-71.147,33,6.2,mwc,,,,1.04,us,usp0007yjk,2016-11-10T00:28:17.381Z,"Coquimbo, Chile",earthquake,,,,,reviewed,us,hrv
1997-02-19T20:00:20.450Z,-31.482,-71.825,33,4.7,mb,,,,1.1,us,usp0007xgn,2014-11-07T01:02:10.018Z,"offshore Coquimbo, Chile",earthquake,,,,5,reviewed,us,us
1997-02-11T23:46:42.160Z,-31.426,-71.003,58.5,4.7,mb,,,,0.99,us,usp0007x3n,2014-11-07T01:02:08.363Z,"Coquimbo, Chile",earthquake,,,,4,reviewed,us,us
1997-01-26T11:22:34.670Z,-29.809,-71.402,33,4.7,md,,,,0.99,us,usp0007wcs,2014-11-07T01:02:00.340Z,"offshore Coquimbo, Chile",earthquake,,,,,reviewed,us,san
1997-01-20T01:11:07.010Z,-30.108,-71.924,33,4.6,mb,,,,1.24,us,usp0007w3p,2014-11-07T01:01:58.880Z,"offshore Coquimbo, Chile",earthquake,,,,5,reviewed,us,us
1997-01-19T02:54:51.020Z,-30.12,-71.721,33,4.6,md,,,,1.01,us,usp0007w1z,2014-11-07T01:01:58.637Z,"offshore Coquimbo, Chile",earthquake,,,,,reviewed,us,san
1997-01-17T13:55:44.180Z,-30.23,-72.509,50,4.5,mb,,,,0.73,us,usp0007vz8,2014-11-07T01:01:58.307Z,"offshore Coquimbo, Chile",earthquake,,,,3,reviewed,us,us
1997-01-04T11:21:45.230Z,-29.94,-71.575,39.3,4.8,mb,,,,0.91,us,usp0007vfg,2014-11-07T01:01:55.738Z,"offshore Coquimbo, Chile",earthquake,,,,15,reviewed,us,us
1996-11-17T01:50:02.090Z,-29.51,-71.298,50,4.9,mb,,,,1.17,us,usp0007t4j,2014-11-07T01:01:36.106Z,"Coquimbo, Chile",earthquake,,,,1,reviewed,us,us
1996-10-17T15:05:40.920Z,-31.676,-71.686,33,4.5,md,,,,1.31,us,usp0007rjn,2014-11-07T01:01:23.375Z,"offshore Coquimbo, Chile",earthquake,,,,,reviewed,us,san
1996-09-09T00:20:39.120Z,-31.9,-71.56,39,6,mwb,,,,0.93,us,usp0007pq2,2016-11-10T00:45:28.670Z,"offshore Coquimbo, Chile",earthquake,,,,,reviewed,us,us
1996-09-06T23:01:59.110Z,-31.648,-68.951,110.7,4.9,mb,,,,0.85,us,usp0007pjt,2014-11-07T01:01:07.905Z,"San Juan, Argentina",earthquake,,3.4,,19,reviewed,us,us
1996-04-25T04:51:16.140Z,-30.074,-71.213,60.5,5.2,mwc,,,,1,us,usp0007gk0,2016-11-09T22:23:02.370Z,"Coquimbo, Chile",earthquake,,,,,reviewed,us,hrv
1996-04-02T06:23:57.240Z,-30.464,-72.149,33,4.6,md,,,,0.1,us,usp0007fn6,2014-11-07T01:00:13.378Z,"offshore Coquimbo, Chile",earthquake,,,,,reviewed,us,san
1996-03-23T14:33:21.770Z,-30.555,-71.292,33,4.6,mb,,,,0.7,us,usp0007f6c,2014-11-07T01:00:08.149Z,"Coquimbo, Chile",earthquake,,,,13,reviewed,us,us
1996-03-14T14:52:04.950Z,-29.374,-71.193,33,4.9,mb,,,,1.2,us,usp0007es2,2014-11-07T01:00:06.130Z,"Coquimbo, Chile",earthquake,,,,20,reviewed,us,us
1996-01-26T09:12:57.970Z,-30.365,-70.907,78.9,4.5,mb,,,,1,us,usp0007brm,2014-11-07T00:59:43.614Z,"Coquimbo, Chile",earthquake,,,,23,reviewed,us,us
1995-12-26T07:36:07.490Z,-30.635,-71.976,33,4.6,md,,,,1.2,us,usp00079n1,2014-11-07T00:59:29.420Z,"offshore Coquimbo, Chile",earthquake,,,,,reviewed,us,san
1995-12-15T09:33:06.260Z,-31.661,-71.978,33,4.5,md,,,,0.8,us,usp000790y,2014-11-07T00:59:26.416Z,"offshore Coquimbo, Chile",earthquake,,,,,reviewed,us,san
1995-12-15T06:47:18.120Z,-31.676,-71.79,59.6,4.8,mb,,,,1.1,us,usp000790r,2014-11-07T00:59:26.372Z,"offshore Coquimbo, Chile",earthquake,,9.2,,6,reviewed,us,us
1995-12-09T16:01:19.550Z,-31.75,-69.858,118.2,4.6,md,,,,0.8,us,usp00078pc,2014-11-07T00:59:24.540Z,"San Juan, Argentina",earthquake,,5.6,,,reviewed,us,san
1995-12-07T11:17:55.250Z,-31.839,-71.771,33,4.5,md,,,,0.7,us,usp00078gw,2014-11-07T00:59:23.682Z,"offshore Coquimbo, Chile",earthquake,,,,,reviewed,us,san
1995-11-20T07:30:59.320Z,-29.088,-71.674,47.9,4.6,mb,,,,1,us,usp000774r,2014-11-07T00:59:11.978Z,"offshore Atacama, Chile",earthquake,,10.1,,8,reviewed,us,us
1995-11-15T22:47:35.220Z,-29.043,-71.759,33,4.6,mb,,,,1.1,us,usp00076xe,2014-11-07T00:59:11.164Z,"offshore Atacama, Chile",earthquake,,,,4,reviewed,us,us
1995-11-07T01:14:05.330Z,-29.109,-71.55,61,4.6,mb,,,,0.9,us,usp00076dr,2014-11-07T00:59:08.063Z,"offshore Atacama, Chile",earthquake,,7.4,,13,reviewed,us,us
1995-11-01T08:59:40.710Z,-29.04,-71.68,51,4.6,mb,,,,1.2,us,usp000763s,2014-11-07T00:59:05.560Z,"offshore Atacama, Chile",earthquake,,10.9,,18,reviewed,us,us
1995-11-01T02:09:31.270Z,-29.024,-71.697,33,4.6,mb,,,,1.3,us,usp0007631,2014-11-07T00:59:04.961Z,"offshore Atacama, Chile",earthquake,,,,5,reviewed,us,us
1995-11-01T00:59:12.260Z,-29.008,-71.799,33,4.6,mb,,,,1.3,us,usp000762w,2014-11-07T00:59:04.821Z,"offshore Atacama, Chile",earthquake,,,,5,reviewed,us,us
1995-10-12T10:04:36.610Z,-31.655,-71.924,33,4.5,mb,,,,1.3,us,usp000750s,2014-11-07T00:58:56.854Z,"offshore Coquimbo, Chile",earthquake,,,,9,reviewed,us,us
1995-10-03T16:08:17.850Z,-30.715,-71.937,37.4,5.7,mw,,,,1.1,us,usp00074dz,2016-11-09T23:37:57.695Z,"offshore Coquimbo, Chile",earthquake,,2.4,,,reviewed,us,hrv
1995-10-01T12:50:15.720Z,-31.356,-71.249,63.9,5.4,mw,,,,0.9,us,usp0007494,2016-11-09T02:47:40.025Z,"Coquimbo, Chile",earthquake,,,,,reviewed,us,hrv
1995-09-17T10:01:01.160Z,-31.709,-72.055,33,4.6,md,,,,0.8,us,usp00073gj,2014-11-07T00:58:44.586Z,"offshore Coquimbo, Chile",earthquake,,,,,reviewed,us,san
1995-08-31T06:31:47.990Z,-31.571,-72.203,10,4.5,md,,,,0.8,us,usp00072q5,2014-11-07T00:58:36.955Z,"offshore Coquimbo, Chile",earthquake,,,,,reviewed,us,san
1995-08-21T23:47:37.480Z,-31.523,-68.568,123.3,4.6,md,,,,1,us,usp0007283,2014-11-07T00:58:34.392Z,"San Juan, Argentina",earthquake,,4.1,,,reviewed,us,san
1995-07-18T08:48:58.510Z,-31.391,-71.958,33,4.9,mb,,,,1.2,us,usp00070qh,2014-11-07T00:58:21.879Z,"offshore Coquimbo, Chile",earthquake,,,,1,reviewed,us,us
1995-06-06T08:24:17.950Z,-31.635,-71.995,33,4.7,md,,,,0.6,us,usp0006ynz,2014-11-07T00:58:06.565Z,"offshore Coquimbo, Chile",earthquake,,,,,reviewed,us,san
1995-06-06T06:54:38.100Z,-31.823,-71.848,33,4.7,md,,,,0.3,us,usp0006ynu,2014-11-07T00:58:06.537Z,"offshore Coquimbo, Chile",earthquake,,,,,reviewed,us,san
1995-06-02T19:07:22.470Z,-31.773,-71.296,69.8,5.6,mw,,,,0.8,us,usp0006yg9,2016-11-09T22:40:07.916Z,"Coquimbo, Chile",earthquake,,,,,reviewed,us,hrv
1995-05-04T15:37:18.280Z,-30.833,-71.526,20,4.5,md,,,,0.4,us,usp0006wuv,2014-11-07T00:57:52.521Z,"Coquimbo, Chile",earthquake,,,,,reviewed,us,san
1995-04-29T06:54:49.000Z,-31.651,-72.256,33,4.6,md,,,,0.8,us,usp0006whj,2014-11-07T00:57:47.131Z,"offshore Coquimbo, Chile",earthquake,,,,,reviewed,us,san
1995-04-28T02:04:19.180Z,-31.64,-71.963,31.7,5.2,mw,,,,0.9,us,usp0006wf7,2016-11-09T22:24:22.951Z,"offshore Coquimbo, Chile",earthquake,,2.8,,,reviewed,us,hrv
1995-04-27T22:01:53.250Z,-31.628,-72.138,30.7,4.8,mb,,,,0.8,us,usp0006wex,2014-11-07T00:57:46.643Z,"offshore Coquimbo, Chile",earthquake,,5.1,,5,reviewed,us,us
1995-04-06T04:42:29.790Z,-29.832,-71.493,58.9,4.5,mb,,,,1,us,usp0006v8f,2014-11-07T00:57:39.917Z,"offshore Coquimbo, Chile",earthquake,,,,19,reviewed,us,us
1995-03-16T14:33:49.020Z,-29.193,-68.411,111.9,5.1,mb,,,,1,us,usp0006u9f,2014-11-07T00:57:31.367Z,"La Rioja, Argentina",earthquake,,,,33,reviewed,us,us
1995-03-05T22:08:36.300Z,-31.676,-71.917,67.7,4.8,mb,,,,0.8,us,usp0006tv4,2014-11-07T00:57:28.582Z,"offshore Coquimbo, Chile",earthquake,,22.3,,1,reviewed,us,us
1995-02-23T18:29:01.590Z,-29.861,-71.7,55.9,4.5,mb,,,,0.9,us,usp0006tdr,2014-11-07T00:57:22.043Z,"offshore Coquimbo, Chile",earthquake,,5.9,,5,reviewed,us,us
1995-02-22T18:55:58.670Z,-31.516,-69.219,124.7,4.5,md,,,,1,us,usp0006tcf,2014-11-07T00:57:21.690Z,"San Juan, Argentina",earthquake,,11.5,,,reviewed,us,san
1995-02-03T02:14:30.320Z,-30.139,-71.324,70.4,4.5,mb,,,,0.9,us,usp0006s9u,2014-11-07T00:57:16.240Z,"Coquimbo, Chile",earthquake,,,,10,reviewed,us,us
1995-02-01T23:01:15.060Z,-30.723,-71.437,69.9,4.5,mb,,,,1,us,usp0006s7t,2014-11-07T00:57:14.969Z,"Coquimbo, Chile",earthquake,,9.3,,10,reviewed,us,us
1995-01-22T20:21:58.230Z,-31.227,-71.105,93,4.7,mb,,,,1,us,usp0006rrc,2014-11-07T00:57:10.468Z,"Coquimbo, Chile",earthquake,,7.3,,10,reviewed,us,us
1995-01-22T03:19:11.550Z,-30.935,-72.058,90.5,4.7,mb,,,,0.8,us,usp0006rqd,2014-11-07T00:57:10.353Z,"offshore Coquimbo, Chile",earthquake,,18,,1,reviewed,us,us
1995-01-19T04:33:54.980Z,-31.802,-72.422,10,4.5,md,,,,1.5,us,usp0006rk2,2014-11-07T00:57:09.553Z,"offshore Coquimbo, Chile",earthquake,,,,,reviewed,us,san
